MaxEStateIndex,MinEStateIndex,MinAbsEStateIndex,ExactMolWt,NumValenceElectrons,MaxPartialCharge,MinPartialCharge,BalabanJ,BertzCT,HallKierAlpha,LabuteASA,TPSA,FractionCSP3,NHOHCount,NumAliphaticRings,NumAromaticCarbocycles,NumAromaticHeterocycles,NumAromaticRings,NumHAcceptors,NumHDonors,NumHeteroatoms,NumRotatableBonds,MolLogP,MolMR,Atom_PEOE-Charge_Mean,Atom_MR_Mean,Atom_PEOE-Charge_Std,Atom_LogP_Std,Atom_MR_Std,Atom_LogP_Max,Atom_MR_Max,Atom_LogP_Min,Atom_MR_Min,Atom_LogP_Delta,Fun_PEOE-Charge_Sum,Fun_LogP_Sum,Fun_MR_Sum,Fun_PEOE-Charge_Mean,Fun_LogP_Mean,Fun_MR_Mean,Fun_PEOE-Charge_Std,Fun_PEOE-Charge_Max,Fun_LogP_Max,Fun_PEOE-Charge_Min,Fun_LogP_Min,Fun_MR_Min,Mid-Fun_PEOE-Charge_Sum,Mid-Fun_LogP_Sum,Mid-Fun_MR_Sum,Mid-Fun_PEOE-Charge_Mean,Mid-Fun_LogP_Mean,Mid-Fun_MR_Mean,Mid-Fun_PEOE-Charge_Std,Mid-Fun_LogP_Std,Mid-Fun_MR_Std,Mid-Fun_PEOE-Charge_Max,Mid-Fun_LogP_Max,Mid-Fun_PEOE-Charge_Min,Mid-Fun_LogP_Min,Mid-Fun_MR_Min,Conju_PEOE-Charge_Sum,Conju_LogP_Sum,Conju_PEOE-Charge_Mean,Conju_PEOE-Charge_Std,Conju_LogP_Std,Conju_MR_Std,Conju_PEOE-Charge_Max,Conju_LogP_Max,Conju_LogP_Min,frag_level_0_PEOE-Charge_Mean,frag_level_0_LogP_Mean,frag_level_0_TPSA_Mean,frag_level_0_LabuteASA_Mean,frag_level_1_PEOE-Charge_Mean,frag_level_1_LogP_Mean,frag_level_1_MR_Mean,frag_level_1_TPSA_Mean,frag_level_1_LabuteASA_Mean,frag_level_2_PEOE-Charge_Mean,frag_level_2_LogP_Mean,frag_level_2_TPSA_Mean,frag_level_2_LabuteASA_Mean,Longest_fragment_length(No H),Surface_area,P_init,Solvent_area,Electron Affinity (eV),LUMO (a.u.),HOMO (a.u.),Nucleofugality (eV),sterimol_L,sterimol_B1,sterimol_B5,HO_Estateidx,HO_PEOE,HO_phi(0.001 au),O_phi(0.001 au)
9.993880385487529,-1.1655092592592589,0.0231481481481479,147.053157768,58.0,0.3199840300766228,-0.4812294906294381,3.490729660390813,144.58337707694838,-1.1,57.45042188690824,100.62,0.6,4.0,0.0,0.0,0.0,0.0,3.0,3.0,5.0,4.0,-0.736899999999999,32.480999999999995,2.3373116307898028e-17,1.7095263157894738,0.2416611900386335,0.3084133509007844,1.357845956630964,0.298,5.007,-1.019,0.0,1.317,-0.2489815138028778,-0.8443999999999999,15.2716,-0.1244907569014389,-0.4221999999999999,7.6358,0.0100809302427948,-0.114409826658644,-0.4221999999999999,-0.1345716871442338,-0.4221999999999999,7.6358,-0.2489815138028778,-0.8443999999999999,15.2716,-0.1244907569014389,-0.4221999999999999,7.6358,0.0100809302427948,0.0,0.0,-0.114409826658644,-0.4221999999999999,-0.1345716871442338,-0.4221999999999999,7.6358,-0.2489815138028778,-0.8443999999999999,-0.1244907569014389,0.0100809302427948,0.0,0.0,-0.114409826658644,-0.4221999999999999,-0.4221999999999999,0.1456796754995741,0.5851500000000001,0.0,13.67166302050473,0.3517548937883366,-0.24275,23.530799999999992,44.67,45.79751398839988,0.3289870743014619,0.6980999999999999,0.0,25.6175350518595,5.0,198.9714020789188,15.362255624205313,314.6046653584182,4.065061634643399,-0.3854234831172387,-0.2595756178083912,1.63597206430749,6.046494309184448,1.52,6.423850209227879,3.2624048091458806,-0.4812392513374586,-3.68403,-23.20377
10.388836333144368,-0.8832199546485258,0.3284259259259261,213.962941564,58.0,0.335178582409973,-0.4776392486861449,2.9138015626758045,253.2994975838911,-0.8300000000000001,72.98459080617133,37.3,0.125,1.0,0.0,1.0,0.0,1.0,1.0,1.0,3.0,2.0,2.2797,46.032300000000006,1.002284675008822e-17,2.5573500000000005,0.1721340593813058,0.2260066548921857,2.0198488569004915,0.8456,8.927,-0.2893,0.2215,1.1349,1.3877787807814454e-16,2.2797,46.0323,3.4694469519536136e-17,0.569925,11.508075,0.0917700242800304,0.1156357869685004,1.3964,-0.0922343950423034,-0.1567,4.602,0.1798769042466716,6.150200000000001,121.3126,0.0449692260616679,1.5375500000000002,30.32815,0.0491597271098905,0.5373322645254055,9.930326471093489,0.0922343950423036,2.436400000000001,-0.0279932777641324,1.04,13.529,-0.0279932777641324,1.2397,-0.0279932777641324,0.0,0.0,0.0,-0.0279932777641324,1.2397,1.2397,0.0969322087407502,1.8484000000000005,0.0,49.97471326075686,0.1101309052769559,0.8083333333333335,15.026666666666666,0.0,24.918859862531445,0.0642411172781709,1.3964,0.0,40.77961203872806,6.0,215.0830245700864,17.94738674132681,342.9101674375831,5.407584681362782,-0.4126866480768425,-0.2928546230756939,0.7838198944789704,9.633395258845978,1.52,5.182516958489721,3.632336191421013,-0.477647353411944,-4.49979,-21.00241
9.846435185185186,-1.294074074074074,0.5324074074074074,133.037507704,52.0,0.3205781070702821,-0.481175383236989,3.632432151939845,132.52932501298082,-1.1,51.08547977251164,100.62,0.5,4.0,0.0,0.0,0.0,0.0,3.0,3.0,5.0,3.0,-1.1269999999999998,27.864,-6.938893903907228e-18,1.7414999999999998,0.2638974231183782,0.3264804088207285,1.4477056947978064,0.298,5.007,-1.019,0.0,1.317,-0.2460923760871541,-0.8443999999999999,15.2716,-0.123046188043577,-0.4221999999999999,7.6358,0.0092624210933905,-0.1137837669501865,-0.4221999999999999,-0.1323086091369676,-0.4221999999999999,7.6358,-0.2460923760871541,-0.8443999999999999,15.2716,-0.123046188043577,-0.4221999999999999,7.6358,0.0092624210933905,0.0,0.0,-0.1137837669501865,-0.4221999999999999,-0.1323086091369676,-0.4221999999999999,7.6358,-0.2460923760871541,-0.8443999999999999,-0.123046188043577,0.0092624210933905,0.0,0.0,-0.1137837669501865,-0.4221999999999999,-0.4221999999999999,0.3255917883741555,0.308,0.0,16.503093038189682,0.1425616773996408,-0.1573500000000001,12.4226,31.660000000000004,25.73239325230285,0.5666440685676565,-0.5609000000000002,26.02,31.015799458524203,4.0,175.6668725954433,15.129739948019676,281.7050975794933,4.079924110868308,-0.3930955406076213,-0.265500957079116,1.6654191092862756,5.975466263973786,1.52,5.636345959552171,3.2905683106575965,-0.4800832377063845,-3.0079,-18.44236
9.833307823129251,-0.7375462962962962,0.2472222222222222,117.078978592,48.0,0.3028404086507395,-0.4812303850365937,2.822354554248032,72.82892142331043,-0.5700000000000001,48.49466603466847,63.32000000000001,0.8,3.0,0.0,0.0,0.0,0.0,2.0,2.0,3.0,4.0,0.2000000000000001,30.54119999999999,8.764918615461763e-18,1.6074315789473683,0.1816875053714624,0.2925382419303325,1.0808399677310585,0.298,5.007,-1.019,0.0,1.317,-0.1346510849839823,-0.4221999999999999,7.6358,-0.1346510849839823,-0.4221999999999999,7.6358,0.0,-0.1346510849839823,-0.4221999999999999,-0.1346510849839823,-0.4221999999999999,7.6358,-0.1346510849839823,-0.4221999999999999,7.6358,-0.1346510849839823,-0.4221999999999999,7.6358,0.0,0.0,0.0,-0.1346510849839823,-0.4221999999999999,-0.1346510849839823,-0.4221999999999999,7.6358,-0.1346510849839823,-0.4221999999999999,-0.1346510849839823,0.0,0.0,0.0,-0.1346510849839823,-0.4221999999999999,-0.4221999999999999,0.1289000914646442,0.5851500000000001,0.0,13.67166302050473,0.1815098915692294,0.9175,20.811699999999995,13.01,40.8534034038572,0.1509831658667293,1.1703,0.0,27.34332604100945,5.0,190.7342384603995,15.066312835271866,298.4469153128963,2.401023190570391,-0.3717448403674247,-0.2420726043848953,2.874918199381857,8.321055106093745,1.6158301491718845,3.882204318466448,3.269248866213152,-0.4812401516385221,-6.96231,-25.12747
10.271409674981104,-0.9305555555555556,0.2585185185185188,137.047678464,52.0,0.3351808337675886,-0.4776392362026082,3.0034006845798173,240.2879489264805,-1.51,58.091991783146064,63.31999999999999,0.0,3.0,0.0,1.0,0.0,1.0,2.0,2.0,3.0,1.0,0.967,37.81369999999999,0.0,2.224335294117647,0.2065077992559676,0.3205261194005772,1.3933352444620812,0.4619,5.007,-1.027,0.2215,1.4889,2.775557561562892e-17,0.967,37.8137,9.251858538542969e-18,0.3223333333333333,12.604566666666663,0.1262585775494799,0.1785236495849181,1.7223,-0.0922320960575285,-0.5986,4.7524,0.178523649584918,3.6563,100.83140000000002,0.0595078831949726,1.2187666666666666,33.610466666666674,0.0421482592218468,0.2534544578858739,3.2311482833334844,0.0922320960575286,1.5656,-1.52655665885959e-16,0.967,29.9564,-1.52655665885959e-16,0.967,-1.52655665885959e-16,0.0,0.0,0.0,-1.52655665885959e-16,0.967,0.967,0.1196889423793358,1.19205,13.01,42.33155425056418,0.0771981025362927,0.4171,7.916,0.0,12.976628755530507,0.1785236495849181,1.7223,0.0,40.90354682171463,5.0,185.49709504174984,16.63986003508992,302.88869054910634,4.172587332406431,-0.3724410079681558,-0.257410008630424,1.4719812007211333,9.087514657139868,1.52,5.186688696773647,3.605311318972033,-0.4776473407501102,-12.66695,-28.93489
10.031994126354244,-0.6699088246409672,0.3370181405895691,144.115029752,60.0,0.3028395565321736,-0.481230389785217,2.838589121813916,89.25838096618138,-0.53,62.24960168084558,37.3,0.875,1.0,0.0,0.0,0.0,0.0,1.0,1.0,2.0,6.0,2.4315,41.0118,-8.540177112501206e-18,1.577376923076923,0.1395515159272783,0.1268149470055626,0.9791961292138852,0.298,5.007,-0.2893,0.0,0.5872999999999999,-0.1346519550086192,-0.4221999999999999,7.6358,-0.1346519550086192,-0.4221999999999999,7.6358,0.0,-0.1346519550086192,-0.4221999999999999,-0.1346519550086192,-0.4221999999999999,7.6358,-0.1346519550086192,-0.4221999999999999,7.6358,-0.1346519550086192,-0.4221999999999999,7.6358,0.0,0.0,0.0,-0.1346519550086192,-0.4221999999999999,-0.1346519550086192,-0.4221999999999999,7.6358,-0.1346519550086192,-0.4221999999999999,-0.1346519550086192,0.0,0.0,0.0,-0.1346519550086192,-0.4221999999999999,-0.4221999999999999,0.1293077690535534,1.3003333333333331,0.0,30.38147337889941,0.1344464248542929,1.731433333333334,20.35933333333333,0.0,40.11249064994807,0.1343581927852475,1.9505,0.0,45.57221006834913,7.0,229.63677294369413,15.809719363705703,342.64802385721697,2.398811883430298,-0.4145757626583202,-0.241733504257583,2.883585715077273,8.407343992057422,1.52,5.9729492928150645,3.265451979402872,-0.4812401564539685,-8.59602,-22.83558
10.086363378684808,-1.3071527777777776,0.415,179.079372516,72.0,0.3169995730343169,-0.4802912642243169,4.012962955738939,136.6092086259113,-0.6900000000000002,69.45228089224842,110.02,0.8333333333333334,5.0,0.0,0.0,0.0,0.0,5.0,5.0,6.0,6.0,-2.623699999999999,39.626900000000006,1.7763568394002505e-17,1.585076,0.2226906921248389,0.2316996523432868,1.0282061253581405,0.298,5.007,-0.7096,0.0,1.0076,-0.6703694569655734,-2.0932,14.2922,-0.1675923642413933,-0.5233,3.57305,0.0286614592754501,-0.1179492605572474,-0.4221999999999999,-0.184140065469442,-0.5569999999999999,2.2188,-0.6703694569655734,-2.0931999999999995,14.2922,-0.1675923642413933,-0.5232999999999999,3.57305,0.0286614592754501,0.0583701122150711,2.345629806150152,-0.1179492605572474,-0.4221999999999999,-0.184140065469442,-0.5569999999999999,2.2188,-0.1179492605572474,-0.4221999999999999,-0.1179492605572474,0.0,0.0,0.0,-0.1179492605572474,-0.4221999999999999,-0.4221999999999999,0.4376655633007952,-0.2440000000000001,6.015,29.31942067154145,0.1198611767691791,-1.42975,21.3624,42.375,45.25972278605117,0.0332183666869804,-0.4529,12.03,15.96003222827296,5.0,218.47841750682764,16.120412963679758,333.0044803756351,3.320229796132212,-0.3866768376919092,-0.2722237762654182,2.13069281941886,7.030446214648789,1.52,6.974943107028988,3.3142084750566894,-0.4803001460100297,0.55848,-5.12479
10.222231457015006,-0.740086923658352,0.2342098922902493,194.094294308,76.0,0.3028397539035366,-0.5079666452523371,2.24592650449462,289.90588306124454,-1.51,83.00610329591582,57.53,0.3636363636363636,2.0,0.0,1.0,0.0,1.0,2.0,2.0,3.0,5.0,2.189599999999999,53.29760000000002,-7.930164461608259e-18,1.903485714285715,0.176553121334771,0.1810643453108787,1.204471144680248,0.5437,5.007,-0.2893,0.0,0.833,-0.1750644359463613,0.8249,34.8446,-0.0583548119821204,0.2749666666666666,11.614866666666666,0.167855314562023,0.1744656713400303,1.8041,-0.2148783537979278,-0.5569999999999999,2.2188,-0.1750644359463613,0.8249,34.8446,-0.0875322179731806,0.41245,17.4223,0.0471195355152831,0.8346499999999999,9.786499999999998,-0.0404126824578975,1.2471,-0.1346517534884638,-0.4221999999999999,7.6358,-0.1750644359463613,0.8249,-0.0875322179731806,0.0471195355152831,0.8346499999999999,9.786499999999998,-0.0404126824578975,1.2471,-0.4221999999999999,0.186572547098515,1.8352500000000007,5.0575,49.46116419325188,0.1696997920755066,1.88835,27.69525,0.0,51.750122569202304,0.1343975126406194,0.7802,0.0,18.22888402733964,9.0,260.82355453512776,17.470914348743403,391.1075328482001,3.969817282961,-0.3768254064867978,-0.242492595161761,1.5868527909089811,11.490461293866234,1.557318816203225,4.436764332588082,3.3663653733098178,-0.4812401553583066,-8.49396,-22.74264
10.475833333333334,-1.0915740740740738,0.0034722222222225,139.02694302,52.0,0.3354379115983896,-0.4776362100056424,3.196499674021378,301.8612803998316,-1.58,56.13327116712362,70.16,0.0,2.0,0.0,0.0,1.0,1.0,2.0,2.0,4.0,1.0,0.0730999999999999,34.022,-4.625929269271485e-18,2.268133333333333,0.2283232430707349,0.2891455953129649,1.3330097202279592,0.298,5.007,-0.8186,0.2215,1.1166,0.1803048248135073,-0.6253999999999998,66.4864,0.0360609649627014,-0.1250799999999999,13.29728,0.2716802555023329,0.3616066382342835,0.1788,-0.2696403117830869,-0.7495,3.135,0.3616066382342836,0.1972,91.0737,0.1205355460780945,0.0657333333333333,30.3579,0.1119184961394899,0.137066318092942,3.2294737373138656,0.269640311783087,0.2298,4.163336342344337e-17,-0.1057,26.1647,4.163336342344337e-17,0.0731,4.163336342344337e-17,0.0,0.0,0.0,4.163336342344337e-17,0.0731,0.0731,0.5215147779082242,0.1607,0.0,33.49272668140102,0.2741421893507882,0.3746,17.67635,7.895,30.13568902466125,0.079158927795504,0.1829,16.43,25.119780352863646,4.0,172.6273755556608,16.49532585495723,291.0368309820567,5.415389845140925,-0.4035211899295804,-0.3062257933747174,0.7961279685044043,7.994402242868569,1.5664375974264848,5.217331018789075,3.5261470143613,-0.4776442946434308,-3.30955,-17.03048
10.090870653817085,-2.197962962962963,0.8426927437641725,196.058302724,78.0,0.3348766182113704,-0.4792513348313023,4.235100562818548,170.3657023879603,-0.7300000000000002,73.49088621303243,138.45000000000002,0.8333333333333334,6.0,0.0,0.0,0.0,0.0,6.0,6.0,7.0,5.0,-3.4930999999999988,38.7488,1.6653345369377347e-17,1.5499520000000002,0.2500892794997728,0.1857315725018231,1.0234694833242464,0.298,5.007,-0.2893,0.0,0.5872999999999999,-0.9784583922669482,-3.2072,18.7298,-0.163076398711158,-0.5345333333333333,3.121633333333333,0.029794405230309,-0.0972591465829605,-0.4221999999999999,-0.1834145912892648,-0.5569999999999999,2.2188,-0.978458392266948,-3.2071999999999994,18.7298,-0.163076398711158,-0.5345333333333332,3.121633333333333,0.029794405230309,0.0502369938944952,2.0187967056860603,-0.0972591465829605,-0.4221999999999999,-0.1834145912892648,-0.5569999999999999,2.2188,-0.0972591465829605,-0.4221999999999999,-0.0972591465829605,0.0,0.0,0.0,-0.0972591465829605,-0.4221999999999999,-0.4221999999999999,0.2639306505402266,-0.40165,10.115,14.446168798850236,0.2739881123819516,-1.957866666666667,22.168066666666665,60.69,50.03970513487922,0.0972591465829609,-3.0709000000000013,101.15,71.8036479294368,6.0,226.9124834189774,15.83104699256696,351.11251649382007,3.7807051289161473,-0.4027198910297712,-0.2888340328004598,1.8240944815575515,8.985761616991125,1.52,4.683449738227598,3.336348970143613,-0.4792590546231765,0.2479,-5.50726
10.28728269085412,-0.9089506172839508,0.2896296296296299,154.008850432,52.0,0.3351795801028659,-0.4776392431815853,3.0034006845798173,240.2879489264805,-0.96,63.90716774953507,37.3,0.0,1.0,0.0,1.0,0.0,1.0,2.0,2.0,3.0,1.0,1.6735,40.65330000000001,-6.938893903907228e-18,2.54083125,0.185404181919791,0.22281068328502,1.839648737435611,0.6482,7.591,-0.2893,0.2215,0.9375,-1.52655665885959e-16,1.6735000000000002,40.6533,-5.088522196198634e-17,0.5578333333333334,13.551099999999998,0.0932598838361244,0.1277614193043678,1.4497000000000002,-0.0922333762409065,-0.1567,7.857299999999999,0.1277614193043677,4.7967,105.1166,0.0425871397681225,1.5988999999999998,35.03886666666667,0.0379835232516545,0.2255657036578625,3.996655865706848,0.0922333762409063,1.8302,-4.163336342344337e-17,1.293,31.6673,-4.163336342344337e-17,1.6735,-4.163336342344337e-17,0.0,0.0,0.0,-4.163336342344337e-17,1.6735,1.6735,0.1079815603679376,1.5453,0.0,44.49214989038454,0.0761470245894969,0.4171,7.916,0.0,12.976628755530507,0.1277614193043678,1.4497000000000002,0.0,40.111644022548845,5.0,193.33272191700536,17.558672687160364,314.4687078932934,5.036256622253497,-0.3877322528909995,-0.2837783591080399,0.9398491698150744,9.49798420451151,1.52,5.193981357504766,3.632150179516251,-0.4776473478283626,-6.56362,-23.2769
9.948672953379392,-0.9658411806080454,0.2702006172839506,178.084123548,72.0,0.3291439627732928,-0.479533669105403,2.86138733944056,114.36436289742676,-0.65,71.22529525496961,64.99000000000001,0.8571428571428571,1.0,0.0,0.0,0.0,0.0,4.0,1.0,5.0,8.0,-0.2493999999999996,41.149800000000006,-2.135044278125301e-18,1.5826846153846152,0.1960320277551692,0.1675651421504643,1.0267486220298698,0.298,5.007,-0.2893,0.0,0.5872999999999999,-1.0356484719572696,-0.4619,16.814799999999998,-0.2071296943914539,-0.0923799999999999,3.36296,0.2267800993742268,0.1945262156077357,0.1655,-0.3823227328662463,-0.4221999999999999,1.085,-1.0356484719572696,-0.4619,16.8148,-0.2589121179893174,-0.115475,4.2037,0.1170193261356786,0.1895392225239937,3.1265635240628007,-0.1037546779126125,0.0971,-0.3766901026229583,-0.4221999999999999,1.085,-0.1037546779126125,-0.4221999999999999,-0.1037546779126125,0.0,0.0,0.0,-0.1037546779126125,-0.4221999999999999,-0.4221999999999999,0.1010578001932251,0.05565,13.845,35.469232939504394,0.1506981709029232,0.035525,17.445249999999998,13.845,37.331927085284455,-0.0907715376951232,0.0073,27.69,60.71310063768382,9.0,225.87238204511087,16.269188762203427,339.64607958657143,3.993948922802744,-0.2882231163995434,-0.2743888777413908,1.3607030016030524,6.801022389255875,1.52,7.470381078326925,3.248128653378248,-0.4795417757135113,-8.02918,-19.53122
10.638735512723608,-0.906223754934072,0.2988945578231294,199.063328528,74.0,0.335178963647437,-0.477639246589804,2.361069147232481,462.7406095598427,-2.16,87.0288432731439,50.19,0.0,1.0,0.0,1.0,1.0,2.0,2.0,1.0,3.0,2.0,2.4468,56.632300000000015,2.312964634635743e-18,2.3596791666666665,0.1602092074272071,0.1587524278029578,1.3194701149132957,0.298,5.007,-0.3239,0.2215,0.6219,6.938893903907227e-17,2.4468000000000005,56.6323,2.312964634635743e-17,0.8156000000000002,18.87743333333333,0.0753556112510538,0.0923486842105472,1.5317,-0.0922340057380597,-0.1567,7.857299999999999,0.0923486842105474,6.425300000000001,138.30560000000006,0.0307828947368491,2.141766666666667,46.10186666666669,0.0434525225217159,0.5459469225320558,9.872011627604364,0.0922340057380597,2.6035000000000004,1.3877787807814457e-17,1.375,32.8983,1.3877787807814457e-17,2.4468000000000005,1.3877787807814457e-17,0.0,0.0,0.0,1.3877787807814457e-17,2.4468000000000005,2.4468000000000005,0.0981883049390381,1.5207000000000004,4.296666666666667,45.61555689313476,0.156917619265694,1.8079000000000005,29.196500000000007,0.0,47.33316466806903,0.0923486842105472,1.5317,0.0,40.77961203872806,8.0,253.86723084551545,18.29623269254993,392.30971095249055,5.5522717773639805,-0.3766389002718339,-0.2891889298424877,0.6171825994627502,11.581792964536245,1.52,5.957562742270365,3.6995111594020327,-0.4776473512854049,-3.92004,-20.40171
10.378641817838249,-0.9593953136810274,0.3850925925925925,165.078978592,64.0,0.3203155016395601,-0.4800777002034423,2.584604082397521,258.4908622767174,-1.35,70.82187601193928,63.31999999999999,0.2222222222222222,3.0,0.0,1.0,0.0,1.0,2.0,2.0,3.0,3.0,0.641,45.75720000000001,4.827056628805028e-18,1.98944347826087,0.1707638634918106,0.2714478610113496,1.250350592512595,0.298,5.007,-1.019,0.0,1.317,-0.152162822504125,1.1193000000000002,33.17979999999999,-0.0760814112520625,0.5596500000000001,16.589899999999997,0.0379738791056456,-0.0381075321464168,1.5415,-0.1140552903577081,-0.4221999999999999,7.6358,-0.152162822504125,1.1193000000000002,33.17979999999999,-0.0760814112520625,0.5596500000000001,16.589899999999997,0.0379738791056456,0.98185,8.954099999999997,-0.0381075321464168,1.5415,-0.1140552903577081,-0.4221999999999999,7.6358,-0.152162822504125,1.1193000000000002,-0.0760814112520625,0.0379738791056456,0.98185,8.954099999999997,-0.0381075321464168,1.5415,-0.4221999999999999,0.1328129999768333,-0.1292,26.02,35.241397180254374,0.1114554752668943,0.501,29.30740000000001,26.02,52.84947745376991,0.1660402340405114,-0.0821,0.0,7.3886510245198656,6.0,228.599633076538,17.157783389517665,346.4788570701437,4.06796144015796,-0.3850066933316445,-0.2558774983255153,1.5612572553155613,6.148401431728384,1.52,6.462494198614705,3.497112386621315,-0.4800863724318515,-10.68751,-20.71893
12.125208333333331,-7.164791666666666,3.7903472222222216,263.98328325200004,96.0,0.4596657339353487,-0.4766274404163713,5.619692713382383,290.76469524476653,-1.1600000000000004,80.64459396399188,37.3,0.8,1.0,0.0,0.0,0.0,0.0,1.0,1.0,11.0,3.0,2.5392,28.5318,-9.79608551139844e-18,1.678341176470588,0.2987413611358262,0.3116696666460605,1.1376716589590403,0.4202,5.007,-0.2893,0.0,0.7095,-1.7062905675359687,4.415099999999999,23.6628,-0.1551173243214517,0.4013727272727271,2.1511636363636364,0.0556570999421652,-0.0345122494086168,1.0555,-0.1916321591655991,-0.4221999999999999,1.108,-1.2121232349891686,3.1545,20.338800000000003,-0.151515404373646,0.3943124999999999,2.5423500000000003,0.0648982616413845,0.3721361559883022,2.5156038653770585,-0.0345122494086168,1.0555,-0.1916321591655991,-0.4221999999999999,1.108,-0.0439492711955405,-0.4221999999999999,-0.0439492711955405,0.0,0.0,0.0,-0.0439492711955405,-0.4221999999999999,-0.4221999999999999,0.4202623553257054,0.1125499999999999,0.0,13.274208799816684,0.2910329374689404,2.3311,19.234,0.0,56.87199887928836,0.4563344214614839,1.0655,0.0,35.32924769498301,5.0,196.07434837099152,15.107442705374837,324.9430289090114,5.210404709501667,-0.5085614744350289,-0.3434588631419206,1.2880149946840618,6.971589960062137,1.9305151773594404,4.838293798828411,2.289559240362812,-0.4766321048849047,1.62521,-12.61245
10.626393927941548,-0.9719619236583515,0.3465740740740739,204.089877624,78.0,0.3203169210591691,-0.4800776923593587,2.323487371389896,490.0485079143072,-1.81,86.7127009646888,79.11,0.1818181818181818,4.0,0.0,1.0,1.0,2.0,2.0,3.0,4.0,3.0,1.1222999999999996,57.613900000000015,-2.05596856412066e-18,2.1338481481481484,0.1748175118464433,0.2715782487335559,1.3277764549608575,0.298,5.007,-1.019,0.0,1.317,-0.0663714899699912,3.316,71.3565,-0.022123829989997,1.1053333333333333,23.7855,0.0835603768903911,0.088146382815321,2.0228,-0.1140538409991192,-0.4221999999999999,7.6358,-0.1545178727853122,1.6006000000000002,45.03650000000002,-0.0772589363926561,0.8003000000000001,22.51825000000001,0.0367949046064631,1.2225,14.882450000000008,-0.0404640317861929,2.0228,-0.1140538409991192,-0.4221999999999999,7.6358,-0.1545178727853122,1.6006000000000002,-0.0772589363926561,0.0367949046064631,1.2225,14.882450000000008,-0.0404640317861929,2.0228,-0.4221999999999999,0.1498023233672364,1.014066666666667,36.54666666666667,68.77426797011312,0.1350741910756659,0.0469333333333332,17.707500000000003,22.61,31.76456405627286,0.1340127409401302,-0.3423,26.02,30.60994566226935,7.0,263.5880092726163,17.848551849257976,396.6988512198097,4.323382393281873,-0.3634674070374701,-0.2445749311702456,1.2784070385103892,10.715732354508567,1.52,8.092347227838792,3.5760979360880154,-0.480086364475847,-7.78646,-25.32614
10.002037037037036,-0.9594907407407408,0.1851851851851853,112.027277368,42.0,0.3383876040852306,-0.4775573304143031,2.928375237426769,179.928197133931,-1.32,45.149363056498885,65.98,0.0,2.0,0.0,0.0,1.0,1.0,2.0,2.0,4.0,1.0,0.1079,25.547,-3.8163916471489756e-17,2.1289166666666666,0.2365121210019028,0.2266007629375702,1.3627584432768054,0.298,5.007,-0.3239,0.2215,0.6219,-4.0245584642661925e-16,0.1078999999999999,25.547,-2.012279232133096e-16,0.0539499999999999,12.7735,0.0888048031040679,0.0888048031040677,0.2645999999999999,-0.0888048031040681,-0.1567,7.857299999999999,-3.469446951953614e-16,0.1079,25.547,-3.469446951953614e-16,0.1079,25.547,0.0,0.0,0.0,-3.469446951953614e-16,0.1079,-3.469446951953614e-16,0.1079,25.547,-3.469446951953614e-16,0.1079,-3.469446951953614e-16,0.0,0.0,0.0,-3.469446951953614e-16,0.1079,0.1079,0.367717323665278,0.6982,0.0,20.65075902566696,0.0888048031040677,0.2645999999999999,17.6897,28.68,32.252989469879275,0.0929527060727648,0.2002999999999999,14.34,18.90822048078813,3.0,147.50050552596872,15.386523533709244,255.757732955188,4.104629487166107,-0.416618551519879,-0.2707800921713491,1.705686160034109,7.377923841327165,1.52,4.900091184812263,3.545648148148148,-0.4775651983084201,-6.51991,-24.78585
11.014760015117158,-1.1528250188964475,0.0091666666666667,192.005873228,70.0,0.3464306694031819,-0.4776389647179754,2.6076190147194995,460.2701600541334,-2.17,77.91274359099175,80.66999999999999,0.0,1.0,1.0,1.0,0.0,1.0,4.0,1.0,5.0,1.0,0.6954,43.1473,-9.251858538542969e-18,2.3970722222222225,0.2393262010434676,0.1820813554431095,1.6832925060413777,0.298,5.007,-0.2893,0.2215,0.5872999999999999,-0.3856507890132163,0.627,44.2323,-0.096412697253304,0.15675,11.058075,0.2399423651284921,0.2763112017212424,1.2513,-0.3856507890132161,-0.3992,1.085,0.0922065217676953,2.2429,121.5846,0.0230516304419238,0.560725,30.39615,0.1361668079544056,0.5721702691288669,11.65635674310374,0.1841046799535461,1.0946,-0.1841046799535464,-0.3992,11.542,-2.7755575615628914e-16,0.6954,-2.7755575615628914e-16,0.0,0.0,0.0,-2.7755575615628914e-16,0.6954,0.6954,0.2696969824613598,0.92725,13.15,46.883165877630816,0.3536143805455286,0.6950500000000001,18.3355,0.0,28.937910155036946,0.2150201077157065,0.7956500000000001,34.835,62.79716557240301,6.0,205.3572629223916,17.646466293635246,343.0946935105355,7.073332196890696,-0.45148233799344,-0.3552580778665309,0.1685359268535095,9.681492592261124,1.6763374595004326,5.193079604145975,3.62546556122449,-0.4776470673409784,5.1326,-11.00625
9.550416666666669,-0.7870370370370365,0.1558641975308641,106.008850432,36.0,0.3036700500351851,-0.4812085773560712,2.831257109931365,52.75488750216347,-0.18,41.579957772264265,37.3,0.6666666666666666,1.0,0.0,0.0,0.0,0.0,2.0,2.0,3.0,2.0,0.3908999999999999,26.10579999999999,-2.891205793294679e-17,2.1754833333333328,0.2095008873609991,0.2700342821600003,2.0432063779891534,0.6482,7.591,-0.2893,0.0,0.9375,-0.2103065906224804,-0.0416999999999999,16.6218,-0.1051532953112402,-0.0208499999999999,8.3109,0.0286095503914222,-0.0765437449198179,0.3805,-0.1337628457026625,-0.4221999999999999,7.6358,-0.2103065906224804,-0.0416999999999999,16.6218,-0.1051532953112402,-0.0208499999999999,8.3109,0.0286095503914222,0.40135,0.6751000000000005,-0.0765437449198179,0.3805,-0.1337628457026625,-0.4221999999999999,7.6358,-0.1337628457026625,-0.4221999999999999,-0.1337628457026625,0.0,0.0,0.0,-0.1337628457026625,-0.4221999999999999,-0.4221999999999999,0.21030659062248,0.4326,0.0,17.560916011160415,0.132891976036663,0.3901,4.617,0.0,9.11444201366982,0.1337628457026621,0.8130999999999999,0.0,31.217411222349583,3.0,151.96335651114623,15.314849000292394,253.63731104675367,3.659125975980937,-0.3752815494919481,-0.2553535041891522,1.907177044079274,5.958587874204751,1.52,3.874998879370817,3.3025694444444444,-0.4812182835509627,-7.26798,-22.3497
10.413981481481482,-1.2535185185185185,0.2270370370370371,166.026608672,62.0,0.3389934177527172,-0.5070520973671946,3.25419299184213,329.8297871570007,-1.84,68.07279905276974,74.60000000000001,0.0,2.0,0.0,1.0,0.0,1.0,3.0,2.0,4.0,2.0,0.9029,40.45360000000001,-1.4648776019359705e-17,2.247422222222222,0.2358867216188607,0.2274331309268943,1.5544115137088437,0.5437,5.007,-0.2893,0.2215,0.833,-2.220446049250313e-16,0.9028999999999998,40.4536,-5.551115123125783e-17,0.2257249999999999,10.1134,0.20670308797772,0.3404399772212255,1.6589999999999998,-0.2139219257997031,-0.5569999999999999,2.2188,0.6808799544424504,5.1238,129.0912,0.1702199886106126,1.28095,32.2728,0.117266031129769,0.2900869050819082,5.151886717019314,0.3020736133017292,1.6166,-2.0816681711721683e-16,0.9029,26.3108,-2.0816681711721683e-16,0.9029,-2.0816681711721683e-16,0.0,0.0,0.0,-2.0816681711721683e-16,0.9029,0.9029,0.095004130794104,0.5978000000000001,18.65,31.82345692539429,0.2079772108500951,0.9565333333333332,26.863133333333327,20.23,45.7292189414076,0.2622333578480543,0.9608,0.0,18.726140588814413,5.0,199.1333847481181,17.030278292109955,326.96669829818,5.5262201909348425,-0.4073861096905988,-0.3007657410401057,0.7208240073714272,8.175311432045342,1.6305979199590177,6.968050925192378,3.59984693877551,-0.4775474603568622,-10.77082,-23.63273
10.312226001511716,-0.9838435374149654,0.1903703703703705,150.031694052,56.0,0.3351789885934406,-0.4776392465239235,3.0008866459978685,273.8935742307892,-1.64,63.27856530057372,54.370000000000005,0.0,1.0,0.0,1.0,0.0,1.0,2.0,1.0,3.0,2.0,1.1973,38.7888,-1.469412826709766e-17,2.2816941176470587,0.1942873494987167,0.1682413174569611,1.5486830106940723,0.298,5.007,-0.2893,0.2215,0.5872999999999999,-1.942890293094024e-16,1.1973,38.7888,-6.47630097698008e-17,0.3991,12.9296,0.0949491330522252,0.1306313466932864,1.3964,-0.0922339802562086,-0.1567,6.285499999999999,0.1306313466932861,3.791,102.2236,0.0435437822310953,1.2636666666666667,34.074533333333335,0.0378298028466037,0.0661791675848391,3.3946891328793183,0.0922339802562085,1.354,-1.52655665885959e-16,1.1973,30.9315,-1.52655665885959e-16,1.1973,-1.52655665885959e-16,0.0,0.0,0.0,-1.52655665885959e-16,1.1973,1.1973,0.1114326634747474,1.3752,8.535,46.99336599001471,0.1994769096770343,1.0665666666666669,21.39,0.0,34.67284977454154,0.0594810384198149,0.136,0.0,5.563451491696996,6.0,190.51997038504857,16.876612386127487,316.37760781440625,6.046035761343813,-0.4134692348654237,-0.3191823642124974,0.4847727627864833,9.615598975941708,1.52,5.164246843283596,3.5808640400604688,-0.4776473512175243,-1.46652,-17.60958
10.312226001511716,-1.092687074829932,0.0422222222222223,167.02185764,62.0,0.3351868179676863,-0.4776392031733409,3.0061498337295465,283.683190204761,-1.91,67.40507680863315,80.44,0.0,1.0,0.0,1.0,0.0,1.0,3.0,1.0,5.0,2.0,1.293,40.0557,6.5307236742656274e-18,2.3562176470588234,0.2063810649965634,0.1991556354412992,1.4477078768686051,0.4619,5.007,-0.3396,0.2215,0.8015,0.0,1.2929999999999997,40.0557,0.0,0.4309999999999999,13.3519,0.4138876158605706,0.546687875709871,1.7223,-0.4544618904659131,-0.2726,6.994400000000001,0.546687875709871,4.3083,105.3154,0.1822292919032903,1.4361,35.105133333333335,0.1961450974468871,0.1117032079515474,3.518260161247637,0.4544618904659131,1.5656,-5.551115123125783e-17,1.293,32.1984,-5.551115123125783e-17,1.293,-5.551115123125783e-17,0.0,0.0,0.0,-5.551115123125783e-17,1.293,1.293,0.3194569304769144,1.586,21.57,48.42236148050625,0.3155095947614051,0.9263666666666668,16.703466666666664,1.0033333333333332,28.868823303086785,0.1050958076222996,0.6982,0.0,20.389806019364023,6.0,194.3471230307199,16.870359980740037,324.16546848038104,6.754580197068843,-0.4459685175602441,-0.3466178014349622,0.2694565670415758,9.662251427594995,1.52,5.183393510107283,3.542811318972033,-0.47764730724687,2.56385,-14.3894
10.160925925925923,-0.941574074074074,0.2199074074074076,123.0320284,46.0,0.3367585014987566,-0.4775986322844119,2.98145461404113,207.5576620543373,-1.38,51.971749067079855,50.19,0.0,1.0,0.0,0.0,1.0,1.0,2.0,1.0,3.0,1.0,0.7797999999999998,31.1963,-1.1895246692412392e-17,2.2283071428571426,0.2060664190492577,0.1895797193794737,1.364386978235116,0.298,5.007,-0.3239,0.2215,0.6219,-8.326672684688674e-17,0.7798,31.1963,-4.163336342344337e-17,0.3899,15.598149999999997,0.0905451567066875,0.0905451567066874,0.9365,-0.0905451567066875,-0.1567,7.857299999999999,-5.551115123125783e-17,0.7797999999999999,31.1963,-5.551115123125783e-17,0.7797999999999999,31.1963,0.0,0.0,0.0,-5.551115123125783e-17,0.7797999999999999,-5.551115123125783e-17,0.7797999999999999,31.1963,-5.551115123125783e-17,0.7797999999999999,-5.551115123125783e-17,0.0,0.0,0.0,-5.551115123125783e-17,0.7797999999999999,0.7797999999999999,-0.0202227810226175,0.6554,12.89,32.917438307296216,0.1566038190578051,0.81735,17.830999999999996,6.445,30.49068729839835,0.0777493369849774,0.136,0.0,5.563451491696996,4.0,161.99363821270498,16.347457771962702,275.0086966344749,5.078467196198472,-0.3867233432226166,-0.295374072142369,0.9760616725714,8.03143864796547,1.52,4.758952000171862,3.5792951625094487,-0.4776066205157793,-1.74804,-19.81321
10.312226001511716,-0.8749999999999998,0.3385185185185186,136.052429496,52.0,0.3351785716890145,-0.4776392487144886,3.003400684579818,235.9394333808837,-1.31,59.11704320052995,37.3,0.125,1.0,0.0,1.0,0.0,1.0,1.0,1.0,2.0,1.0,1.69322,38.13830000000001,-2.004569350017644e-17,2.1187944444444446,0.1710174892813228,0.1401268111610795,1.3261633368783223,0.298,5.007,-0.2893,0.2215,0.5872999999999999,-2.914335439641036e-16,1.69322,38.1383,-9.71445146547012e-17,0.5644066666666666,12.712766666666669,0.0652397725141725,0.0481053277038678,1.3964,-0.0922344059932807,-0.1567,5.635,0.0481053277038674,4.78284,100.9226,0.0160351092346224,1.59428,33.64086666666666,0.0568131059266773,0.2587585165104071,3.307046442908778,0.0922344059932804,1.84992,-0.0441290782894128,1.2397,30.28099999999999,-0.0441290782894128,1.2397,-0.0441290782894128,0.0,0.0,0.0,-0.0441290782894128,1.2397,1.2397,0.0957162652833858,1.55516,0.0,43.47997018578273,0.0752152683892962,0.4171,7.916,0.0,12.976628755530507,0.0481053277038678,1.3964,0.0,40.77961203872806,5.0,193.5032671781544,16.561524520902136,311.38916631551126,4.612835131119049,-0.4083132556516073,-0.2734213587385979,1.2662746188935472,9.155398792867096,1.52,5.177736859756736,3.597179941421013,-0.4776473534411474,-8.14187,-24.32764
11.044633408919124,-1.0644291435710085,0.3692448507180652,206.072513308,76.0,0.3224703536693115,-0.4799304415113402,3.625305185753682,186.576468174762,-0.75,81.05904457247875,92.42,0.7142857142857143,4.0,0.0,0.0,0.0,0.0,4.0,3.0,6.0,6.0,-0.7323999999999982,51.619900000000015,-2.05596856412066e-18,1.9118481481481484,0.1884653269364035,0.321579760963248,1.647247694246459,0.6482,7.591,-1.019,0.0,1.6671999999999998,-0.2434012341653715,-1.183,21.7025,-0.0811337447217905,-0.3943333333333333,7.234166666666667,0.1249076793572205,0.0847525857166374,0.1655,-0.2166524420245112,-0.9263,5.924,-0.2434012341653715,-1.183,21.7025,-0.0811337447217905,-0.3943333333333333,7.234166666666667,0.1249076793572205,0.4461608255127541,0.9492591579167876,0.0847525857166374,0.1655,-0.2166524420245112,-0.9263,5.924,-0.328153819882009,-1.3485,-0.1640769099410045,0.0525755320835067,0.25205,0.2534499999999999,-0.1115013778574978,-0.4221999999999999,-0.9263,0.1865971956603472,-0.3881333333333334,22.383333333333336,34.340730337810406,0.1133795551598258,-0.7238500000000001,23.596650000000004,37.8425,45.982869433883806,0.1921273329332129,-1.1238999999999997,55.120000000000005,60.154717309759256,8.0,255.2683323917332,17.710006737031826,375.0459773437533,4.395719968544869,-0.3730595644115982,-0.2738454174004787,1.286382872614224,7.716855549610625,1.52,6.194580581590195,3.2854791849080724,-0.4799389796272328,1.70191,-14.32211
10.177168052406149,-0.7323554421768705,0.2384155328798185,165.078978592,64.0,0.3028514951477919,-0.4812302517003283,2.290572056240154,245.96526492984668,-1.38,71.06657541026969,50.19,0.3333333333333333,1.0,0.0,0.0,1.0,1.0,2.0,1.0,3.0,4.0,1.4889,44.81080000000002,6.033820786006285e-19,1.9482956521739137,0.1594652502815126,0.1609380588616941,1.2095017053309545,0.298,5.007,-0.3239,0.0,0.6219,-0.1751492895762914,0.5143,30.974799999999995,-0.0875746447881457,0.25715,15.487399999999996,0.047064973728727,-0.0405096710594185,0.9365,-0.1346396185168727,-0.4221999999999999,7.6358,-0.1751492895762914,0.5143,30.974799999999995,-0.0875746447881457,0.25715,15.487399999999996,0.047064973728727,0.6793499999999999,7.851599999999998,-0.0405096710594185,0.9365,-0.1346396185168727,-0.4221999999999999,7.6358,-0.1751492895762914,0.5143,-0.0875746447881457,0.047064973728727,0.6793499999999999,7.851599999999998,-0.0405096710594185,0.9365,-0.4221999999999999,0.1434272152353553,1.0578333333333334,0.0,29.918117202249928,0.2243848410845086,1.6421,27.127333333333336,4.296666666666667,49.61791391232458,0.1751492895762914,0.9746,0.0,27.34332604100945,7.0,223.6945861668684,17.215029242096534,345.3688067560609,4.330528552297234,-0.3679191163876202,-0.2525061740920523,1.3635735544752887,7.676614854930767,2.78067776594581,5.03710496127999,3.389544438145629,-0.4812400174529282,-6.08382,-18.14317
11.657196239606954,-0.987197525615184,0.0229995748299318,238.084123548,92.0,0.3033023838670024,-0.4928695286791907,2.8398452846834807,424.9042067354137,-2.04,98.96542421717392,72.83000000000001,0.3333333333333333,1.0,0.0,1.0,0.0,1.0,4.0,1.0,5.0,6.0,1.7513,60.746300000000026,1.343011723336883e-17,1.9595580645161288,0.1958664893366879,0.2287547016058113,1.3412590334059369,0.5437,5.007,-0.4195,0.0,0.9632,-0.2231472185486507,0.9711000000000004,51.5123,-0.0318781740783786,0.1387285714285715,7.358899999999999,0.356759111895341,0.4712322763060991,2.0667,-0.4928919115128827,-0.4221999999999999,1.182,-0.3554270511714704,5.658799999999999,146.62479999999996,-0.0507752930244957,0.8083999999999999,20.9464,0.3287047730929778,1.003415344852626,11.85409575644035,0.3401071858137133,1.9013,-0.6456521387221814,-0.4221999999999999,7.106,-0.7798142965717088,0.6401000000000001,-0.3899071482858544,0.255744990436327,0.74225,12.196349999999995,-0.1341621578495272,1.0623,-0.4221999999999999,0.1338987947717855,1.388025,15.4575,50.95479405123026,0.1423239320227784,1.15685,25.621125000000006,17.4175,48.14097177755298,0.4030142174483274,2.1378000000000004,17.07,62.35916127425786,9.0,290.15152124424884,18.14431917631794,417.0868534377729,5.3350140293426085,-0.389832437285528,-0.2905425215026037,0.7297574757235458,5.462129766752875,1.52,7.034161573239134,3.366623265136072,-0.481230209920034,-14.49623,-26.31243
11.20434334845049,-1.0998811623414797,0.0553560930545058,195.053157768,74.0,0.3224805486406477,-0.507966196468253,2.6082838277210323,344.33451632505984,-2.04,79.9876033507744,86.63000000000001,0.1111111111111111,3.0,0.0,1.0,0.0,1.0,3.0,3.0,5.0,3.0,0.2065999999999996,48.07580000000001,1.0860877414811314e-17,2.090252173913044,0.2250791089307383,0.2647906140004964,1.4482353723755064,0.5437,5.007,-0.7096,0.0,1.2533,-0.2384638122547762,0.1640999999999999,43.2088,-0.059615953063694,0.0410249999999999,10.8022,0.2016850173318834,0.2831775412991484,1.8041,-0.2148778968590428,-0.6608,2.2188,-0.0822592409059087,2.5545,103.7718,-0.0205648102264771,0.638625,25.942950000000003,0.0990616158542705,0.6620094915293888,11.004755868600633,0.0879049269087617,1.2471,-0.1269729699502811,-0.4221999999999999,7.6358,-0.2384638122547761,0.1641,-0.119231906127388,0.007741063822893,0.50425,13.968600000000004,-0.111490842304495,0.5863,-0.4221999999999999,0.2086992661700752,0.2584666666666667,13.71,30.941943515646862,0.1882476572815404,0.1549,28.343025000000004,29.89,51.241026544440814,0.0827757965331383,-0.4823,29.1,32.22520063339328,8.0,243.7367795460424,17.682112101728755,378.5658741627214,4.803267428155903,-0.3963703980949628,-0.2642102359716264,1.0857230332198833,8.032623365365271,2.6619807985182327,7.112530514258493,3.3761780937249912,-0.4799388605260438,-3.3375,-15.8853
10.725277777777777,-1.0428935185185184,0.0807407407407407,174.05282342,68.0,0.303288905801709,-0.4812206321854693,3.467235170058121,175.97341629985493,-1.39,69.00193751873252,91.67,0.5714285714285714,2.0,0.0,0.0,0.0,0.0,3.0,2.0,5.0,6.0,0.2850999999999998,38.7466,2.5232341468753562e-18,1.7612090909090912,0.221040689791591,0.1962844102064212,1.4899764140625886,0.298,5.007,-0.2893,0.0,0.5872999999999999,-0.4345121327596987,-1.2753,20.2786,-0.1448373775865662,-0.4251,6.759533333333333,0.0150773480080411,-0.1341760825677708,-0.4221999999999999,-0.166159967624157,-0.4309,5.007,-0.4345121327596987,-1.2753,20.2786,-0.1448373775865662,-0.4251,6.759533333333333,0.0150773480080411,0.0041012193308819,1.239228204255464,-0.1341760825677708,-0.4221999999999999,-0.166159967624157,-0.4309,5.007,-0.4345121327596987,-1.2753,-0.1448373775865662,0.0150773480080411,0.0041012193308819,1.239228204255464,-0.1341760825677708,-0.4221999999999999,-0.4309,0.2052581555200664,0.7666000000000001,5.69,24.792958742041844,0.2813248727122658,0.7659666666666668,26.150266666666656,29.50333333333333,51.75512138333124,0.3508157493638402,0.5019,0.0,24.012128973704577,7.0,200.67911928561008,16.567509864473177,316.0446747991161,5.532349491990198,-0.4159072281124036,-0.3045415716809689,0.76531396641157,5.39290142335714,1.52,6.818450156552153,3.2244353898966995,-0.4812303655895574,-9.02251,-27.01119
11.50665769085412,-4.899579790249433,0.0167129629629629,199.045627776,76.0,0.4706622003988478,-0.4812295631430844,3.54951050308743,201.79138254289444,-1.2700000000000002,71.72770794448287,66.4,0.6666666666666666,2.0,0.0,0.0,0.0,0.0,2.0,2.0,7.0,4.0,0.5296999999999997,35.9345,-1.32169407693471e-18,1.7111666666666667,0.2300409375015685,0.2807738064447742,1.3127478477400114,0.4202,5.007,-0.7096,0.0,1.1298,-0.7588584732920858,0.9676,25.1575,-0.1264764122153476,0.1612666666666666,4.192916666666666,0.0521409913705778,-0.0146455590141696,1.0555,-0.1617643223173082,-0.9263,1.108,-0.2882110653543309,0.7624999999999998,27.8885,-0.0960703551181103,0.2541666666666666,9.296166666666666,0.0576040901392831,0.6097058434651544,3.525479061851816,-0.0146455590141696,1.0555,-0.1389847376695195,-0.4221999999999999,6.055,-0.2589199473259915,-1.3485,-0.1294599736629957,0.0051207950076459,0.25205,0.2534499999999999,-0.1243391786553498,-0.4221999999999999,-0.9263,0.2316903476233734,0.4064333333333333,4.01,22.47980734199119,0.2810149113282567,0.3234999999999999,23.503366666666665,23.41,49.83134159053196,0.2735655063401613,0.8227,0.0,27.46726082399602,7.0,227.53652550784912,15.695328704443437,360.4436376706225,4.846138671846808,-0.4411773111802501,-0.2861654921131052,1.2146114476905627,6.885165187038182,1.52,8.165848205777568,3.1465075821995465,-0.4812393245384449,2.254,-16.63748
9.982611410304862,-0.7324088246409672,0.2153486394557824,146.094294308,60.0,0.3028395565783546,-0.4812303897851581,2.838589121813916,90.85200900961468,-0.5700000000000001,60.67889331864498,57.53,0.8571428571428571,2.0,0.0,0.0,0.0,0.0,2.0,2.0,3.0,6.0,1.0138,37.80659999999999,4.625929269271485e-18,1.5752749999999998,0.1712018626163663,0.1723070924170628,1.0080228598805023,0.298,5.007,-0.2893,0.0,0.5872999999999999,-0.3210035086791915,-0.9791999999999998,9.8546,-0.1605017543395957,-0.4895999999999999,4.9273,0.0258497993787009,-0.1346519549608948,-0.4221999999999999,-0.1863515537182966,-0.5569999999999999,2.2188,-0.3210035086791915,-0.9791999999999998,9.8546,-0.1605017543395957,-0.4895999999999999,4.9273,0.0258497993787009,0.0673999999999999,2.7085,-0.1346519549608948,-0.4221999999999999,-0.1863515537182966,-0.5569999999999999,2.2188,-0.1346519549608948,-0.4221999999999999,-0.1346519549608948,0.0,0.0,0.0,-0.1346519549608948,-0.4221999999999999,-0.4221999999999999,0.1934858870848983,1.3145,0.0,33.481640830651656,0.1448659597062424,1.5189333333333332,22.368933333333327,6.743333333333333,44.77608546043477,0.1340476809394324,0.7802,0.0,18.22888402733964,7.0,218.55750053485417,15.734611556737928,334.9762215954309,2.4200657613574506,-0.401667448548974,-0.2429371696216844,2.8499410749610266,7.987772133959721,1.52,6.287557950691703,3.267674201625095,-0.4812401564539059,-6.3188,-20.13607
10.190177311665408,-0.8027083333333331,0.1297373393801963,166.06299418,64.0,0.3031777628403686,-0.5079666452401278,2.529889074289453,263.6070662599115,-1.51,70.27621906712258,57.53,0.2222222222222222,2.0,0.0,1.0,0.0,1.0,2.0,2.0,3.0,3.0,1.409399999999999,44.063600000000015,-2.523234146875356e-17,2.00289090909091,0.198384154968694,0.2019057082930601,1.2936671452288755,0.5437,5.007,-0.2893,0.0,0.833,-0.1740926265259535,0.8249,34.8446,-0.0580308755086511,0.2749666666666666,11.614866666666666,0.1680831837260235,0.1750766908253643,1.8041,-0.2148783537852998,-0.5569999999999999,2.2188,-0.1740926265259536,0.8249,34.8446,-0.0870463132629768,0.41245,17.4223,0.0472446503030413,0.8346499999999999,9.786499999999998,-0.0398016629599354,1.2471,-0.1342909635660181,-0.4221999999999999,7.6358,-0.1740926265259536,0.8249,-0.0870463132629768,0.0472446503030413,0.8346499999999999,9.786499999999998,-0.0398016629599354,1.2471,-0.4221999999999999,0.1451593196312079,0.9354,6.743333333333333,31.02596343233464,0.241625994588921,1.8387333333333336,28.70233333333333,0.0,50.41943034290967,0.1269105263119286,0.7205,0.0,23.79233551903664,7.0,223.82660704115213,17.15128715728397,343.3374467009672,3.948263681427991,-0.3822168669001495,-0.2479218122960844,1.640694380971771,6.132675875243529,1.52,7.200217929754887,3.433130905139833,-0.4812316763399931,-8.7842,-21.14289
10.007302768329554,-0.7011588246409672,0.2962018140589568,145.11027872,60.0,0.3028395565582421,-0.4812303897851838,2.838589121813916,93.60689651177816,-0.5700000000000001,61.224550263461694,63.32000000000001,0.8571428571428571,3.0,0.0,0.0,0.0,0.0,2.0,2.0,3.0,6.0,0.9802,39.77519999999999,0.0,1.5910080000000002,0.1594580725839054,0.2601317388093963,1.0001065466919012,0.298,5.007,-1.019,0.0,1.317,-0.1346519549816806,-0.4221999999999999,7.6358,-0.1346519549816806,-0.4221999999999999,7.6358,0.0,-0.1346519549816806,-0.4221999999999999,-0.1346519549816806,-0.4221999999999999,7.6358,-0.1346519549816805,-0.4221999999999999,7.6358,-0.1346519549816805,-0.4221999999999999,7.6358,0.0,0.0,0.0,-0.1346519549816805,-0.4221999999999999,-0.1346519549816805,-0.4221999999999999,7.6358,-0.1346519549816806,-0.4221999999999999,-0.1346519549816806,0.0,0.0,0.0,-0.1346519549816806,-0.4221999999999999,-0.4221999999999999,0.1618051676585169,1.1844666666666666,0.0,30.422784973228264,0.1348988452839349,1.2476666666666667,19.94713333333333,8.673333333333334,39.34688002646904,0.1510002291755262,1.9505,0.0,45.57221006834913,7.0,227.03196047341203,15.948095296519863,340.23726519931967,2.380635426397462,-0.3610581801243782,-0.241397034959832,2.831599685892588,7.961995913268407,1.52,6.390062726661874,3.271192720143613,-0.4812401564539332,-7.59888,-21.86254
10.00671035429017,-0.8491883713361885,0.03858024691358,177.10010796,72.0,0.3051851207864747,-0.4811673826916605,2.86138733944056,117.97400337186356,-0.65,71.45164072247545,81.78,0.8571428571428571,3.0,0.0,0.0,0.0,0.0,4.0,2.0,5.0,8.0,-0.5469999999999993,42.9452,-1.4391779948844618e-17,1.5905629629629632,0.1879844780935148,0.2589873288181107,1.010892426832973,0.298,5.007,-1.019,0.0,1.317,-0.8883894422913016,-0.5589999999999999,9.8058,-0.2961298140971005,-0.1863333333333333,3.2686,0.1159605993948054,-0.132137271657006,-0.0684,-0.3784802548093216,-0.4221999999999999,1.085,-0.8883894422913016,-0.5589999999999999,9.8058,-0.2961298140971005,-0.1863333333333333,3.2686,0.1159605993948054,0.1667829194558669,3.0880767347978906,-0.132137271657006,-0.0684,-0.3784802548093216,-0.4221999999999999,1.085,-0.132137271657006,-0.4221999999999999,-0.132137271657006,0.0,0.0,0.0,-0.132137271657006,-0.4221999999999999,-0.4221999999999999,0.0569006582105563,0.4085250000000001,16.152500000000003,47.61505344775421,0.1843296637687894,0.27615,16.211600000000004,13.427500000000002,33.388412832978894,0.3204269753609176,0.4492,9.23,41.75281203324008,9.0,233.655281527696,16.282236873081878,347.2663690122232,2.748949821244095,-0.2946194653601389,-0.2124433489295233,2.3177490501636964,8.262289205622627,1.5623431699106778,5.614285155976491,3.264936072225033,-0.4811769788967888,-9.76737,-26.15991
10.41908388972873,-0.9726600949021582,0.0670990278827576,188.116092372,76.0,0.3199673029574479,-0.4800864475637081,3.2553258241933603,182.22795262916523,-1.1,77.3008766615101,92.42,0.75,4.0,0.0,0.0,0.0,0.0,3.0,3.0,5.0,6.0,-0.2952999999999992,48.14590000000001,9.570888143320317e-18,1.6602034482758623,0.1782490631394124,0.2875934871318644,1.1783700184292438,0.298,5.007,-1.019,0.0,1.317,-0.3669916266441603,-1.3485,15.7785,-0.1834958133220801,-0.67425,7.88925,0.0690687541719063,-0.1144270591501738,-0.4221999999999999,-0.2525645674939865,-0.9263,7.6358,-0.3669916266441603,-1.3485,15.7785,-0.1834958133220801,-0.67425,7.88925,0.0690687541719063,0.25205,0.2534499999999999,-0.1144270591501738,-0.4221999999999999,-0.2525645674939865,-0.9263,7.6358,-0.3669916266441603,-1.3485,-0.1834958133220801,0.0690687541719063,0.25205,0.2534499999999999,-0.1144270591501738,-0.4221999999999999,-0.9263,0.1500794286295902,0.3608,30.03,51.67484787288847,0.1261203814630288,-0.0325749999999999,18.524975000000005,26.79,36.87434412618725,0.2759995337995695,-0.2335999999999999,38.05,65.14259015553648,8.0,265.74471928959923,16.44941694250999,393.75621639662256,3.829586301797293,-0.387659991911992,-0.2596285624171157,1.712193806296248,9.629888412535877,1.52,6.028403350533203,3.3299176323549524,-0.4800951453915128,-0.70465,-16.11765
10.068166965860415,-0.6909029090031071,0.3081597222222221,159.125928784,66.0,0.3028395565322316,-0.4812303897852169,2.849761282233442,104.26518047667868,-0.5700000000000001,67.58949237785828,63.31999999999999,0.875,3.0,0.0,0.0,0.0,0.0,2.0,2.0,3.0,7.0,1.3703,44.39220000000001,3.9650822308041295e-18,1.5854357142857147,0.1511780792534044,0.2474228614845525,0.9711281492655428,0.298,5.007,-1.019,0.0,1.317,-0.1346519550085574,-0.4221999999999999,7.6358,-0.1346519550085574,-0.4221999999999999,7.6358,0.0,-0.1346519550085574,-0.4221999999999999,-0.1346519550085574,-0.4221999999999999,7.6358,-0.1346519550085574,-0.4221999999999999,7.6358,-0.1346519550085574,-0.4221999999999999,7.6358,0.0,0.0,0.0,-0.1346519550085574,-0.4221999999999999,-0.1346519550085574,-0.4221999999999999,7.6358,-0.1346519550085574,-0.4221999999999999,-0.1346519550085574,0.0,0.0,0.0,-0.1346519550085574,-0.4221999999999999,-0.4221999999999999,0.1617889456815167,1.3145000000000002,0.0,33.460932311118206,0.138599902414011,1.6184250000000002,23.040099999999995,6.505,45.46043354377396,0.1359977765259064,1.9505,0.0,45.57221006834913,8.0,245.1274699599176,16.276082984375737,359.237790021547,2.3523972524911274,-0.3605600893237447,-0.2395573918070007,2.8571045612662367,6.501981118308058,3.019440472292181,6.367898441994209,3.2706585909731203,-0.4812401564539684,-9.32291,-23.07589
